Cycle number,Time (s),Type,Value,Velocity (%),Acceleration (%)
1,7.974511399999999,WAYPOINT,"[319.2874191260857, -345.39358087391446, 40.0, 180.0, 0.0, 0.0]",1.0,1.0
1,8.106557700000002,VACUUM,1
1,8.122026199999999,BLOWOFF
2,11.045718299999999,WAYPOINT,"[319.2874191260857, -345.39358087391446, 40.0, 180.0, 0.0, 0.0]",1.0,1.0
2,11.1789322,VACUUM,1
2,11.194817299999999,BLOWOFF
3,13.673802400000001,WAYPOINT,"[319.2874191260857, -345.39358087391446, 40.0, 180.0, 0.0, 0.0]",1.0,1.0
3,13.7869069,VACUUM,1
3,13.8027796,BLOWOFF
