Cycle number,Time (s),Type,Value,Velocity (%),Acceleration (%)
1,6.760140700000001,Blowoff
2,8.486517900000003,Blowoff
3,9.813172700000003,Blowoff
4,11.540297299999999,Blowoff
5,13.178828600000003,Blowoff
